,1,2,3,4,5,6,7,8,9,10,11,12,13,14,15,16,17,18,19,20,21,22,23,24,25,26,27,28,29,30,31,32,33,34,35,36,37,38,39,40,41,42,43,44,45,46,47,48,49,50,51,52,53,54,55,56,57,58,59,60,61,62,63,64,65,66,67,68,69,70,71,72,73,74,75,76,77,78,79,80,81,82,83,84,85,86,87,88,89,90,91,92,93,94,95,96,97,98,99,100,101,102,103,104,105,106,107,108,109,110,111,112,113,114,115,116,117,118,119,120,121,122,123,124
G,-1.600669264793396,0.07552599906921387,-0.36118197441101074,-1.6326816082000732,-1.8833986520767212,0.0,-0.7789533138275146,-1.677914023399353,0.9537346363067627,1.8301668167114258,2.215502977371216,4.608430474996567,4.949474811553955,2.640562057495117,0.0,-1.3558874130249023,-2.2944573163986206,-2.8369977474212646,-1.8935809135437012,-1.9425002932548523,-1.5742613077163696,-2.998013734817505,0.5064269304275513,-1.1175932884216309,1.7902320623397827,0.0,0.0,-1.6284636855125427,-0.9405601024627686,-6.875451125204563,-0.734677791595459,-6.92734956741333,-2.595449447631836,-4.405521750450134,-0.5009734630584717,-2.8212785720825195,-1.1516869068145752,-0.8464735746383667,-1.0598315000534058,0.16226601600646973,0.0,-1.9648289680480957,0.0,-3.1718164682388306,-1.7207090854644775,-1.2696269750595093,-0.22321033477783203,-0.4204835891723633,-1.2541037797927856,-0.839510440826416,0.35180091857910156,-0.6786575317382812,-0.11818265914916992,-1.4573293924331665,0.0,0.0,0.0,-2.6659077405929565,0.3752211332321167,-3.423862874507904,-0.7146499156951904,-4.431131958961487,-2.35807728767395,-1.701461911201477,-2.2398335933685303,-7.002384901046753,-2.5833616256713867,0.07706475257873535,-7.724065542221069,-2.582006514072418,-1.746617317199707,-0.6504034996032715,0.0,-2.0075747966766357,1.1324784755706787,-4.368471324443817,-1.9241822957992554,-1.6873772144317627,-2.093362808227539,-1.1459330916404724,-0.6918394565582275,-2.239833354949951,-0.09025120735168457,0.3207716941833496,-1.2906098365783691,-0.4115903377532959,0.0,0.2552725076675415,0.0,-2.4429479837417603,-2.674316167831421,-6.712543427944183,-0.0587308406829834,-7.142085671424866,-2.6625561714172363,-2.978661894798279,-2.348548650741577,-4.195598721504211,-0.8471909761428833,-1.9509372115135193,0.06540298461914062,1.6934305429458618,-1.3402643203735352,-2.0712671875953674,0.0,-3.7985910177230835,-1.125295639038086,-1.0332657098770142,-0.6042511463165283,-1.0724183320999146,-2.4525325298309326,0.18751215934753418,-0.14733314514160156,-1.3732433319091797,1.8987520337104797,1.083570957183838,0.0,-1.1559414863586426,-0.5467875003814697,-4.568708449602127,-1.2201757431030273,-3.7002034187316895,0.7334004640579224,-0.06729650497436523
P,-1.3969601392745972,0.16288495063781738,-0.31043267250061035,-1.9570679664611816,0.0,-2.9145036339759827,-0.6963527202606201,-2.345131278038025,-0.5928752422332764,5.593405209481716,3.325148284435272,2.1923859119415283,0.5297355651855469,1.1382322311401367,-2.5589327812194824,-1.7235596179962158,-5.5199116468429565,-3.003013849258423,-4.967789888381958,-4.677339732646942,-4.262427449226379,-3.0947182178497314,-1.2009103298187256,-1.3253448009490967,-5.449427604675293,-1.8408141136169434,-9.073198318481445,-6.331267297267914,-6.39228630065918,-9.490840949118137,-2.9790658950805664,-3.7507095336914062,-4.890321254730225,0.0,-1.8704180717468262,-6.986613750457764,-3.9482860565185547,-3.286283850669861,-5.840936064720154,-6.150365114212036,-8.263314068317413,-6.262046813964844,-7.792796015739441,-5.161742329597473,-4.514385938644409,-4.124735474586487,-4.078767657279968,-3.240440845489502,-2.461570143699646,-3.4467406272888184,-2.0325701236724854,-3.7342517375946045,-1.769911527633667,-5.337900519371033,-6.465569257736206,-2.583243489265442,-4.437261343002319,-3.826248049736023,-2.5902156829833984,-3.405915677547455,2.0678725838661194,-3.5489174127578735,-5.240852117538452,0.0,-3.211923360824585,-6.570345640182495,-5.175775051116943,0.0,-11.645464658737183,-7.946989119052887,-7.1056318283081055,-5.6892536878585815,-8.137571603059769,-5.429693937301636,-5.094005823135376,-6.688242137432098,-4.83215606212616,-2.4945545196533203,-4.926278829574585,-5.179388701915741,-3.6890265941619873,-3.0659713745117188,-4.442988395690918,0.0,-6.5869433879852295,-3.955141067504883,-6.663419485092163,-5.111342668533325,-10.319365380331874,-7.383888840675354,-6.059034109115601,-10.404767453670502,-1.4307072162628174,-4.509814381599426,-6.401645660400391,0.0,-2.9383933544158936,-6.670860409736633,-4.577221751213074,-3.1617278456687927,-1.9867510795593262,-2.8084235191345215,-8.716617584228516,-6.89467054605484,-6.019193649291992,-6.177278399467468,-3.858107089996338,-4.103521704673767,-3.2325135469436646,-2.7577656507492065,-2.8639445304870605,-2.7555909156799316,-1.5291075706481934,-2.8152778148651123,-5.298009872436523,-4.0139710903167725,-9.389846115373075,-3.414154291152954,-5.5075942277908325,-7.811154395341873,-2.370148181915283,-1.8836441040039062,-2.083977699279785,2.030559539794922
E,-1.4465910196304321,0.0,0.11860156059265137,-0.4354327917098999,-0.30098259449005127,-2.335621654987335,1.2007222175598145,-4.077927470207214,0.27684569358825684,-2.008317470550537,-0.27164411544799805,-0.6096181869506836,1.934415340423584,-2.0696184635162354,-2.1076455116271973,-3.081167459487915,-3.6869481801986694,-3.226370096206665,-2.436330556869507,-3.7337400317192078,-2.565435767173767,-5.263678789138794,0.31956183910369873,-5.216490745544434,0.7746658325195312,-4.999912977218628,-4.141986846923828,-6.622830331325531,-0.6084942817687988,-8.178314246237278,-0.9515113830566406,-7.825296878814697,-3.8150634765625,-1.2712184190750122,-0.4638385772705078,-6.545316696166992,-2.5048646926879883,-6.362669825553894,-0.7213128805160522,-7.007849931716919,-1.5944936871528625,-6.274486541748047,-4.5020869970321655,-5.7538005113601685,-2.070013999938965,-2.857073187828064,-3.185747981071472,-3.2260847091674805,-2.3615161180496216,-0.8508205413818359,-0.737987756729126,-4.1387574672698975,0.0,-6.015787959098816,-2.2626984119415283,-5.761469483375549,-1.319697618484497,-7.2730807065963745,-2.5075759887695312,-5.52996152639389,0.08117318153381348,-5.272840619087219,-4.287611722946167,-0.41444075107574463,0.15655040740966797,-8.889975309371948,0.0,-5.161587476730347,-8.2874915599823,-8.850010931491852,-2.029585123062134,-7.250019431114197,-4.787848263978958,-5.964468717575073,0.0,-5.93529337644577,-2.372665762901306,-2.1788036823272705,-2.955988883972168,-3.5078389048576355,-2.2024574279785156,-4.544813632965088,0.64414381980896,-3.216219425201416,-1.604442834854126,-5.816099166870117,-1.0603985786437988,-6.431354284286499,-6.872237084433436,-6.989193558692932,-1.5939009189605713,-8.849599301815033,-0.4156534671783447,-7.947151780128479,-3.594831943511963,-0.7185194492340088,-0.4837934970855713,-6.658191800117493,-2.411185622215271,-6.463907182216644,-1.5710620880126953,-5.243394374847412,0.0,-5.514650881290436,-0.8728649616241455,-5.169721484184265,-0.8003840446472168,-2.5023611783981323,-2.5148340463638306,-2.5641218423843384,-2.8090929985046387,-0.9799108505249023,-0.13556957244873047,-5.445516347885132,-0.9749109745025635,-6.612659692764282,-7.896839409135282,-7.349289655685425,-4.2123414278030396,-7.686102896928787,-1.5928270816802979,-5.573896408081055,-2.680241584777832,-0.13442611694335938
D,-2.0934187173843384,-0.568305253982544,-0.10062241554260254,-1.5651252269744873,-1.6201540231704712,-2.1046066880226135,2.561692953109741,-4.187485575675964,2.1579039096832275,-3.042853832244873,1.4743237495422363,-0.2835683822631836,3.609375238418579,-1.7293250560760498,-1.3307898044586182,-2.6710102558135986,-2.0762706995010376,-2.475064754486084,0.0,-1.877008855342865,-2.0914489030838013,-5.604681730270386,0.0,-5.95716667175293,-0.8902182579040527,-6.306223630905151,-4.642501354217529,-7.615347802639008,-1.7409567832946777,-9.148593939840794,-1.028285026550293,-8.193944454193115,-2.9088454246520996,-0.7686421871185303,-0.5232858657836914,-7.96255350112915,-1.4660656452178955,-8.364467978477478,0.0,-7.25585675239563,-1.845311462879181,-6.258212089538574,-4.685431361198425,-5.502797245979309,-1.5897696018218994,-1.4414981603622437,-1.6325849294662476,-1.485779047012329,-1.9486695528030396,-1.1662976741790771,-1.3297641277313232,-5.425410985946655,0.21635031700134277,-7.033904433250427,-2.468845844268799,-6.017436623573303,-2.3581502437591553,-7.723528742790222,-2.696815013885498,-5.745881021022797,-0.9235024452209473,-5.434846043586731,-3.290781259536743,0.051505088806152344,0.0,-8.428436040878296,-1.314035415649414,-6.582641363143921,-9.256648778915405,-9.832395613193512,-2.5288124084472656,-7.481199622154236,-4.119485169649124,-7.273829221725464,-0.28180527687072754,-4.514939486980438,-1.4102991819381714,-1.3269648551940918,0.0,-1.8589641451835632,-1.2919847965240479,-4.529761791229248,2.995129644870758,-3.937403678894043,-2.06445574760437,-6.680723190307617,-2.0011937618255615,-7.425044298171997,-7.412918446585536,-7.0352703332901,-2.817312002182007,-9.383210599422455,-0.8219516277313232,-8.52363646030426,-2.942781925201416,-0.3945038318634033,0.13591694831848145,-6.692018628120422,-1.0539520978927612,-8.656334340572357,-0.7294652462005615,-5.79484224319458,-0.28165268898010254,-5.438976347446442,-0.615318775177002,-4.511943697929382,-1.0763163566589355,-0.8159470558166504,-1.0060454607009888,-0.8903788328170776,-2.136835813522339,1.0498411655426025,-0.6260221004486084,-5.9011828899383545,-1.1082277297973633,-7.404077768325806,-7.781931190751493,-7.9487645626068115,-4.565027356147766,-7.492663413286209,-2.3493094444274902,-5.070013046264648,-2.395557403564453,0.0
R,-3.189935326576233,-2.118025302886963,0.7179672718048096,-1.7682039737701416,-1.7165049314498901,-2.339870512485504,-1.340869665145874,-3.704370856285095,1.053929328918457,-3.1543030738830566,1.036217212677002,-2.825244426727295,1.6020402908325195,-3.42460560798645,-3.015144109725952,-1.9320738315582275,-2.740331530570984,-3.3293707370758057,-3.6783573627471924,-3.595714271068573,-2.090169072151184,-4.130319356918335,-1.411090612411499,-5.051690101623535,0.5180108547210693,-6.807439565658569,-2.698641300201416,-7.572483956813812,1.5172021389007568,-8.214913405478,0.9725348949432373,-7.461466312408447,-3.633692741394043,-2.4125155210494995,-1.4336762428283691,-6.909637928009033,-0.8557639122009277,-8.878685355186462,-3.2502912282943726,-8.489108324050903,-2.8556161522865295,-5.200325012207031,-4.426109194755554,-2.576436400413513,-1.6622209548950195,-2.915772557258606,-2.99213969707489,-3.4621238708496094,-1.8746575117111206,-0.07878398895263672,0.9564902782440186,-4.886443853378296,1.3521395921707153,-5.953618884086609,-1.9444217681884766,-6.9263845682144165,2.4336912035942078,-5.901673674583435,0.6834510564804077,-4.171914041042328,0.07692742347717285,-5.052914261817932,-2.964622735977173,-2.0945345163345337,-0.037628889083862305,-7.9706151485443115,0.07450294494628906,-6.471110105514526,-4.756910562515259,-9.603578627109528,-0.12260937690734863,-7.859303832054138,-4.067440778017044,-6.587959051132202,0.7144241333007812,-3.1798149943351746,-0.7208610773086548,-2.425299644470215,-4.183700799942017,-3.5766608119010925,-2.949638605117798,-4.374967098236084,-0.3608055114746094,-3.441251754760742,-1.0504868030548096,-6.409947395324707,-0.7223975658416748,-7.54862904548645,-5.754622338339686,-8.468859314918518,0.8723418712615967,-7.12701028585434,0.0,-6.780825734138489,-3.0412135124206543,-2.317496418952942,0.052724599838256836,-6.184026837348938,-1.997658133506775,-9.106913030147552,0.7492296695709229,-7.375001430511475,-3.903646945953369,-6.211181223392487,-0.9361445903778076,-3.5093525648117065,-0.7434401512145996,-3.038976550102234,-3.2681928873062134,-3.1387096643447876,-2.648996114730835,-0.9482178688049316,0.25072431564331055,-5.8698890209198,-0.7405414581298828,-6.380190134048462,-6.917120247147977,-7.350419759750366,-0.5721454620361328,-5.1907749474048615,0.009117603302001953,-3.790595531463623,-0.6036529541015625,1.1405916213989258
K,-2.474959969520569,-1.0729198455810547,0.22701764106750488,0.0,0.16771817207336426,-1.1592245697975159,-0.5531244277954102,-2.8659175634384155,0.4990670680999756,-2.563109874725342,1.57114839553833,-3.0424065589904785,2.678290843963623,-3.6574904918670654,-3.15742826461792,-2.1072046756744385,-3.033018946647644,-2.6311237812042236,-2.623204469680786,-2.0646762251853943,-1.305662989616394,-3.947711706161499,-0.7949144840240479,-5.443790435791016,0.8661007881164551,-6.925268888473511,-2.9492549896240234,-7.75254625082016,0.7930384874343872,-8.380397833883762,0.5727939605712891,-7.681895732879639,-2.946615695953369,-1.3255091905593872,-0.5456874370574951,-7.317324161529541,-1.427860975265503,-8.84578549861908,-2.837777256965637,-9.092206239700317,-2.515809118747711,-5.461049556732178,-4.95376718044281,-3.47972309589386,-1.3776745796203613,-1.5683122873306274,-2.2750149965286255,-2.5571107864379883,-1.5191034078598022,0.10418486595153809,1.3370260000228882,-4.752745866775513,0.7950336933135986,-6.395300269126892,-1.7494158744812012,-6.649680733680725,1.8071879148483276,-6.1109699010849,-0.5253288745880127,-3.6644591689109802,0.0,-4.69543182849884,-2.9016849994659424,-0.6826130151748657,1.1736116409301758,-8.30302882194519,-0.4963796138763428,-6.612294912338257,-6.6693503856658936,-10.251297056674957,0.0,-8.558290839195251,-4.371839314699173,-7.2632129192352295,-0.6318223476409912,-4.0533782839775085,-1.151053786277771,-1.4913074970245361,-3.4625985622406006,-2.270722806453705,-2.059540033340454,-4.10726261138916,0.0,-2.9595327377319336,-0.6705083847045898,-6.997285842895508,-0.19277620315551758,-7.85920262336731,-6.735534546896815,-8.675512909889221,0.6861656904220581,-7.376460015773773,0.9516384601593018,-7.000057816505432,-2.5780208110809326,-1.1166993379592896,0.5035035610198975,-6.377612233161926,-1.8100186586380005,-9.09480232000351,0.2913064956665039,-8.020703792572021,-3.8777308464050293,-6.884007513523102,-1.0276904106140137,-4.1140888929367065,-0.2581515312194824,-2.246529221534729,-2.63920795917511,-2.263893723487854,-2.501237392425537,-0.29465174674987793,0.0,-5.9022376537323,-0.7216243743896484,-7.457512140274048,-6.934938698075712,-7.571326971054077,-1.8139535188674927,-5.208700209856033,0.0,-3.9581384658813477,0.0,2.0881683826446533
H,-3.799514889717102,-2.166843891143799,-0.6720168590545654,-2.806401014328003,-4.057316422462463,-2.596356213092804,-2.618119478225708,-4.608476519584656,-0.33916735649108887,-3.246642589569092,0.5666861534118652,-3.8471016883850098,0.11581134796142578,-4.496167421340942,-4.18315315246582,-2.59689998626709,-3.142081141471863,-4.269160509109497,-3.906184434890747,-3.086502254009247,-3.1965056657791138,-4.91094708442688,-2.3484787940979004,-5.2975358963012695,-1.1453332901000977,-7.23480486869812,-3.343013048171997,-8.763900697231293,-1.455345630645752,-7.07470516115427,0.1798856258392334,-6.589007377624512,-2.0248184204101562,-4.143499732017517,-0.7195556163787842,-6.36968994140625,-1.3797879219055176,-9.369743704795837,-3.0046533346176147,-8.780579805374146,-4.774529755115509,-4.579336166381836,-4.27002227306366,-3.5003949403762817,-2.601583480834961,-3.1786667108535767,-3.627519965171814,-3.874978542327881,-2.4653161764144897,-0.7381594181060791,-0.4052457809448242,-4.680746793746948,-0.4650075435638428,-7.3800128698349,-3.064793825149536,-8.31257688999176,-1.477031946182251,-6.722319483757019,-0.5387670993804932,-3.0328730940818787,-1.645204782485962,-5.225312352180481,-1.9524743556976318,-3.2963749170303345,-1.5460622310638428,-8.049324750900269,-0.9853067398071289,-6.833925008773804,-5.880860090255737,-11.472345411777496,-1.7268354892730713,-8.908816695213318,-5.444682866334915,-7.496090650558472,-1.3654124736785889,-3.716303050518036,-1.7625700235366821,-3.2063558101654053,-4.44772744178772,-3.353167235851288,-3.8502490520477295,-4.5642194747924805,-0.4813404083251953,-4.044279098510742,-1.3232510089874268,-6.351585388183594,-2.0500590801239014,-9.309529542922974,-8.51407897286117,-9.273094773292542,-1.568113088607788,-5.6517714858055115,0.014036178588867188,-6.738227009773254,-2.4393324851989746,-3.803552508354187,-1.4945526123046875,-5.236205697059631,-1.834478735923767,-8.602698743343353,-1.6757831573486328,-8.01489782333374,-4.374100685119629,-5.497210085391998,-2.782958507537842,-4.331223845481873,-1.8001446723937988,-2.570757269859314,-3.3915287256240845,-3.637771725654602,-2.9398531913757324,0.5605332851409912,-0.43034934997558594,-5.209118604660034,-2.4732322692871094,-8.020879030227661,-8.74097469355911,-8.977442502975464,-3.1302396059036255,-4.375307589769363,-2.1903252601623535,-5.061858654022217,-1.7353730201721191,-0.23723745346069336
Q,-2.383860230445862,-0.4591798782348633,0.0,-1.0925049781799316,-1.0137640237808228,-2.5393500924110413,-0.26361560821533203,-3.624740481376648,-0.06820821762084961,-1.9612579345703125,-0.15764284133911133,-1.7817754745483398,1.9633150100708008,-3.2545745372772217,-2.818296194076538,-2.838252305984497,-3.5883501768112183,-2.9594225883483887,-3.2806317806243896,-3.2155842185020447,-2.4048293828964233,-4.660568952560425,-0.5955603122711182,-5.113310813903809,-0.2269725799560547,-6.092856168746948,-4.119457244873047,-7.578493058681488,0.0,-7.912018813192844,0.4870936870574951,-6.912252426147461,-3.6786017417907715,-2.3083919286727905,-0.8942084312438965,-5.857544898986816,-2.450070381164551,-7.747165083885193,-2.2908278703689575,-8.33124852180481,-2.6927600502967834,-5.167925834655762,-5.012950778007507,-3.8582011461257935,-1.897430419921875,-2.466673970222473,-3.0040363073349,-3.398514747619629,-2.090654492378235,1.8216875791549683,0.0672144889831543,-4.203847646713257,0.3360753059387207,-6.95238721370697,-2.3641786575317383,-7.021323800086975,-0.6503944396972656,-7.645930171012878,-0.6844913959503174,-4.293140351772308,0.01688241958618164,-5.213185906410217,-3.896653890609741,-1.759888768196106,0.0824429988861084,-9.119151830673218,-0.16542553901672363,-5.990269422531128,-7.093961954116821,-10.131919920444489,-1.8265178203582764,-7.915963530540466,-5.103228360414505,-6.195385694503784,0.10021424293518066,-4.7299739718437195,-1.784831166267395,-2.0740814208984375,-4.0046913623809814,-3.3810459971427917,-2.350071430206299,-4.564774990081787,-0.2784688472747803,-3.1148080825805664,-1.8384120464324951,-6.751168251037598,-2.075429677963257,-8.212520837783813,-7.26355635933578,-8.255778908729553,-1.1627445220947266,-7.171073377132416,-0.3050658702850342,-6.575092434883118,-3.3204970359802246,-2.2786842584609985,-1.0819604396820068,-5.836139798164368,-2.851861357688904,-7.451584279537201,-1.0397977828979492,-6.805971622467041,-2.6853713989257812,-5.871090948581696,-1.6327269077301025,-4.082319140434265,-0.9532172679901123,-2.3771599531173706,-2.6398006677627563,-2.969734787940979,-2.631873846054077,0.0,-0.0726015567779541,-5.849271535873413,-1.081364631652832,-7.645609140396118,-7.974643020890653,-7.992835760116577,-2.668838381767273,-6.0674372017383575,-1.1752920150756836,-4.752779006958008,-1.6529669761657715,0.33339691162109375
N,-3.055200695991516,-1.0012702941894531,0.39549922943115234,-1.4787940979003906,-2.122294545173645,-1.443343698978424,-0.2801330089569092,-3.6051911115646362,1.754370927810669,-1.9249563217163086,1.7085151672363281,-0.8739361763000488,3.2940354347229004,-2.255803346633911,-1.7664563655853271,-2.8559415340423584,0.0,-1.6079981327056885,-1.211057186126709,0.0,-1.8328267335891724,-4.15400767326355,0.05954241752624512,-4.948472023010254,-0.29930877685546875,-5.122844457626343,-3.474264144897461,-7.563572824001312,-0.5202035903930664,-9.054683722555637,0.12651371955871582,-7.914848804473877,-0.47646284103393555,-2.1576143503189087,1.694123923778534,-6.659564018249512,-0.5082669258117676,-8.234994292259216,-1.2133194208145142,-7.3013527393341064,-2.0131312012672424,-5.069326400756836,-3.987432837486267,-3.960501790046692,0.0,0.0,-1.114160180091858,-1.0551998615264893,-1.2656315565109253,0.0,0.11058235168457031,-4.928148031234741,1.183809518814087,-6.991674780845642,-1.3924858570098877,-6.8851200342178345,-1.460521936416626,-7.7331990003585815,-1.0124397277832031,-5.443358361721039,-0.714026927947998,-5.367328763008118,-0.9144868850708008,-1.417246699333191,0.7042880058288574,-8.02721381187439,-0.6739716529846191,-5.804529905319214,-7.170258283615112,-10.851196348667145,-1.3873693943023682,-7.753254294395447,-4.070225030183792,-7.592239141464233,0.20751595497131348,-4.360142886638641,0.0,-0.5401313304901123,-1.079876184463501,0.0,-1.59942626953125,-3.2440237998962402,1.7937772274017334,-3.209622383117676,-1.07875394821167,-6.785092353820801,-1.31484055519104,-8.0944664478302,-7.115378258749843,-7.603096604347229,-0.6697516441345215,-8.174363553524017,0.5355672836303711,-7.387735962867737,-0.9172565937042236,-2.1010454893112183,0.0,-5.447145581245422,-1.1367441415786743,-7.523765027523041,0.06946659088134766,-5.893165111541748,-2.1266748905181885,-5.572613775730133,-0.9179904460906982,-4.198220133781433,0.0,0.0,-0.6698669195175171,-0.9906741380691528,-1.9173898696899414,2.465919017791748,0.1150059700012207,-5.415998220443726,-0.03678274154663086,-7.195284128189087,-7.297145157121122,-8.025667905807495,-2.572510600090027,-6.4282112419605255,-1.0999081134796143,-4.3290839195251465,-0.2514355182647705,0.6430108547210693
T,-2.1314748525619507,-0.46936535835266113,0.42851734161376953,-0.8146283626556396,-0.8045157194137573,-3.267381966114044,0.0,-1.3334075212478638,1.1265883445739746,0.8164610862731934,0.3168957233428955,0.7910504341125488,1.6335229873657227,-0.382861852645874,-3.0843358039855957,-2.401806116104126,-2.272011399269104,0.0,-2.8812568187713623,-3.138004243373871,0.0,-1.3848307132720947,-0.768897294998169,-2.62656307220459,0.12155628204345703,-1.7452194690704346,-4.190587043762207,-3.4382185339927673,-0.3863050937652588,-7.443752326071262,-0.4563767910003662,-4.458670616149902,0.37316465377807617,-3.5102566480636597,-0.05239367485046387,-1.7050042152404785,-0.6377027034759521,-2.1145209074020386,-2.3694294691085815,-2.0716605186462402,-3.524092972278595,-3.2724623680114746,-4.085144400596619,-2.6518927812576294,-0.8602330684661865,-1.3566278219223022,-1.5734633207321167,-1.3819105625152588,-0.6215180158615112,-1.616445541381836,0.6193468570709229,-1.865551233291626,0.687385082244873,-3.8309720754623413,-1.2113957405090332,-2.1144567728042603,-0.7289280891418457,-4.237469553947449,-0.43884873390197754,-3.4767374396324158,-0.8017580509185791,-2.8832701444625854,-0.07356381416320801,-2.3372992277145386,0.43344545364379883,-4.9322803020477295,1.2074434757232666,-0.2333207130432129,-6.921616792678833,-5.038724005222321,-0.20450592041015625,-3.245991587638855,-3.4747805893421173,-3.736407518386841,1.0557496547698975,-3.9299790263175964,-0.9854825735092163,0.0,-2.819136142730713,-3.2737151980400085,0.0,-0.8042087554931641,-0.002340078353881836,-0.8799171447753906,0.0,-3.67501163482666,0.07128739356994629,-3.874979257583618,-7.533786652609706,-3.298699975013733,-0.7805187702178955,-7.025331914424896,0.4526333808898926,-3.6054893732070923,-0.4158438444137573,-3.1257928609848022,-1.0650732517242432,-1.5286108255386353,-2.0407036542892456,-2.7528228163719177,-0.058992624282836914,-1.3636550903320312,-4.073034763336182,-3.295593798160553,-1.2958922386169434,-2.9272221326828003,0.1280536651611328,-1.5191515684127808,-1.2502163648605347,-0.8849440813064575,-1.979583978652954,-0.6917500495910645,-0.09648990631103516,-2.2299506664276123,-1.0767061710357666,-1.8792965412139893,-7.32454517390579,-3.161358118057251,-2.639837384223938,-5.327537566423416,-0.7405855655670166,-2.0062808990478516,-0.24323368072509766,-1.1423587799072266
S,-1.7121905088424683,0.3699922561645508,0.19360971450805664,-1.2816603183746338,-0.8609901666641235,-1.918821394443512,0.31192803382873535,-2.1006311178207397,1.1715846061706543,0.008705615997314453,0.6052913665771484,1.2808573246002197,2.1304495334625244,-0.4439964294433594,-2.3084418773651123,-2.669940233230591,-1.9982188940048218,-0.8729004859924316,-1.9728398323059082,-1.0027522444725037,-1.3457838296890259,-3.2150609493255615,-0.3591785430908203,-3.654003143310547,0.6237366199493408,-3.149474859237671,-3.2100324630737305,-4.574643552303314,-0.18554043769836426,-8.102052725851536,-0.3605072498321533,-6.321192264556885,0.0,-2.015199065208435,-0.10709691047668457,-3.089724063873291,-0.5417683124542236,-3.8432587385177612,-2.0886863470077515,-3.2084643840789795,-1.4633288979530334,-4.087223052978516,-3.8868149518966675,-3.202025532722473,-0.7714979648590088,-0.6800364255905151,0.0,0.0,-1.4702192544937134,-0.5581569671630859,0.4692649841308594,-3.0688302516937256,0.790827751159668,-5.049762606620789,-0.6934468746185303,-3.3911086320877075,-0.7536561489105225,-5.067802309989929,0.0,-4.463279187679291,-0.05986356735229492,-3.77655565738678,0.0,-1.2651327848434448,0.10465669631958008,-6.752583265304565,0.7217519283294678,-2.087435483932495,-6.885916471481323,-6.718874990940094,-0.9439573287963867,-4.41752564907074,-2.3406160175800323,-4.898491621017456,0.8843076229095459,-3.840456187725067,-0.9159833192825317,-0.018473267555236816,-1.9117374420166016,-1.1393806338310242,-0.3234684467315674,-2.253325939178467,0.2400074005126953,-1.74169921875,-0.6347501277923584,-4.548575401306152,-0.07865381240844727,-4.7775561809539795,-5.9066494684666395,-4.590438961982727,-0.9124939441680908,-7.042034089565277,0.6963462829589844,-5.712734341621399,0.0,-2.0340160131454468,-0.6804096698760986,-3.382461667060852,-0.2255326509475708,-3.93060439825058,-0.5503325462341309,-2.1978707313537598,-2.366804361343384,-4.292336046695709,-1.3138744831085205,-3.581045985221863,-0.39548349380493164,-1.129022240638733,0.0,0.0,-2.3322596549987793,0.7063455581665039,-0.08593916893005371,-3.6857216358184814,0.5732338428497314,-3.5898993015289307,-5.927599697373807,-4.7037270069122314,-1.9020847082138062,-5.858264476060867,-0.8918437957763672,-3.3094820976257324,-0.012110233306884766,-0.04567146301269531
Y,-2.497374176979065,-1.353337287902832,-0.1629476547241211,-2.6792285442352295,-3.769086003303528,-3.6571672558784485,-2.5400679111480713,-3.386872172355652,1.617845058441162,-1.4193878173828125,0.0,-2.8861870765686035,-0.5053467750549316,-2.3159782886505127,-4.564201831817627,0.0,-3.758832812309265,-3.627164125442505,-3.204172372817993,-4.8809444308280945,-2.754078984260559,-1.9435667991638184,-2.2242465019226074,-1.9402649402618408,-0.07356476783752441,-4.4405176639556885,-4.923068523406982,-4.713787019252777,-1.3043937683105469,0.0,1.6343994140625,-3.622774600982666,-2.5435123443603516,-6.149836897850037,0.0,-3.678752899169922,-0.9097836017608643,-5.114891409873962,-3.197510600090027,-5.122732877731323,-5.074898540973663,0.0,-5.897394061088562,-1.2574588060379028,-2.5954768657684326,-3.787788987159729,-3.4691661596298218,-4.065756797790527,-1.4641891717910767,-2.122596263885498,0.2818326950073242,-1.5584750175476074,-0.01072549819946289,-3.4268606901168823,-2.127636671066284,-4.321443200111389,-1.588036298751831,-0.9840348958969116,-0.41466259956359863,0.0,-1.7596895694732666,-2.5280450582504272,-2.4367175102233887,-3.8136731386184692,-0.8312990665435791,-6.136486768722534,0.884918212890625,-3.205524206161499,0.0,-6.8578367829322815,-1.0069317817687988,-4.582053542137146,-5.130157262086868,-1.558716058731079,-0.31197142601013184,0.0,-0.70521080493927,-2.625434637069702,-3.548726797103882,-4.6298529505729675,-2.963634729385376,-1.8981690406799316,0.18999886512756348,0.2605559825897217,1.1789108514785767,-0.8774282932281494,-1.5533514022827148,-5.374453783035278,-7.848463891074061,-4.573700547218323,-0.7638394832611084,0.0,1.3201754093170166,-3.9064565896987915,-3.079310894012451,-4.984989047050476,-1.961188793182373,-3.802207112312317,-0.2053617238998413,-5.124790132045746,-2.1406993865966797,-4.816971302032471,-5.469099998474121,0.0,-3.2680153846740723,-1.0841690301895142,-0.7497873306274414,-1.9546116590499878,-2.2294405698776245,-3.0322457551956177,-1.1842446327209473,-1.0982880592346191,0.7445755004882812,-2.305236577987671,-1.7547607421875,-4.03356671333313,-9.052339821122587,-3.9672930240631104,-2.7980457544326782,0.0,-0.49135541915893555,-2.5476412773132324,-0.5289199352264404,0.2579383850097656
W,-3.823005795478821,-2.6104578971862793,-1.383495807647705,-4.361400365829468,-4.805519223213196,-5.584276020526886,-3.9729549884796143,-1.5249286890029907,1.0190041065216064,-2.031841278076172,-2.3592734336853027,-3.9309468269348145,-2.9606471061706543,-4.946321725845337,-6.5311079025268555,-1.4895129203796387,-6.117245554924011,-4.430382490158081,-6.10925555229187,-6.783632457256317,-4.8383742570877075,-2.2896599769592285,-3.9783248901367188,-2.5251216888427734,-1.9032649993896484,-5.94499135017395,-6.975000381469727,-6.6977309584617615,-2.904012680053711,-4.349893607199192,0.07127571105957031,-4.739376068115234,-4.143514156341553,-7.618753790855408,-1.1961123943328857,-3.247910499572754,-2.1883630752563477,-4.988854765892029,-5.47364604473114,-7.415364503860474,-6.943413078784943,-4.4396562576293945,-7.775854468345642,0.0,-4.8941261768341064,-6.206502079963684,-5.8859623670578,-5.870938301086426,-4.023618102073669,-3.5357627868652344,-1.8507626056671143,-1.8989923000335693,-2.3378679752349854,-5.367939352989197,-4.898926019668579,-6.521734833717346,-3.4831340312957764,-4.138469099998474,-2.9058804512023926,-2.3177594542503357,-2.2142927646636963,-3.2874423265457153,-4.298655271530151,-5.322857975959778,-2.869662046432495,-1.0525784492492676,-0.6020452976226807,-3.2498204708099365,-4.466354131698608,-7.593545019626617,-2.357020854949951,-6.587338805198669,-6.123440533876419,-3.2721660137176514,-1.8716380596160889,-1.4139079451560974,-3.7521528005599976,-3.544142484664917,-6.443286180496216,-6.324121177196503,-4.681585073471069,-0.4663388729095459,-2.1568331718444824,0.2054886817932129,-0.6534008979797363,-2.3127660751342773,-2.911371946334839,-6.09964394569397,-8.747936127707362,-5.929479718208313,-2.797473669052124,-3.15625923871994,-0.011776447296142578,-4.8806034326553345,-5.103708744049072,-6.660288691520691,-3.326085329055786,-2.1114226579666138,-2.1078368425369263,-4.112359464168549,-3.9948716163635254,-6.405273914337158,-7.736148834228516,-4.519784986972809,-4.681596755981445,0.0,-2.738297939300537,-4.854411959648132,-4.525985836982727,-4.738853096961975,-3.0155515670776367,-3.1182680130004883,-2.0041470527648926,-2.687883138656616,-3.4269933700561523,-5.133422613143921,-10.17048194911331,-5.451639890670776,-3.793622136116028,-2.485394984483719,-2.43766450881958,-2.294887065887451,-0.2627696990966797,0.2600741386413574
F,-2.7917486429214478,-1.1399717330932617,-0.04693293571472168,-3.2047111988067627,-3.3176313638687134,-4.2053497433662415,-3.1656219959259033,-1.1557711362838745,0.9087514877319336,-0.8663644790649414,-0.4847574234008789,-1.2612357139587402,-0.2966923713684082,-2.041944742202759,-4.809992790222168,-1.1107912063598633,-4.94429624080658,-2.181748867034912,-4.182693719863892,-5.573817431926727,-3.3581172227859497,-0.6355065107345581,-2.458850383758545,-0.35177934169769287,-0.21920299530029297,-1.8147609233856201,-5.211294174194336,-2.64656800031662,-1.294985294342041,-3.122183360159397,1.4779285192489624,-1.128446102142334,-2.5265722274780273,-8.254164099693298,-1.1655352115631104,-0.3670358657836914,0.0,-2.1702789068222046,-2.864282250404358,-2.5036256313323975,-5.438272297382355,-1.8783721923828125,-6.650060534477234,-0.512826681137085,-3.531697988510132,-4.557916760444641,-4.139817595481873,-4.563913822174072,-1.840898871421814,-3.6516947746276855,0.0,-0.15503311157226562,-0.6217854022979736,-0.5985499620437622,-2.2257728576660156,-2.7874633073806763,-1.346599817276001,-0.9890974760055542,-0.7280325889587402,-1.6137410998344421,-1.3403370380401611,-1.7979339361190796,-2.566103458404541,-4.799575448036194,-1.9547922611236572,0.16432136297225952,0.6192724704742432,-0.7599468231201172,-0.9616979360580444,-2.8791075348854065,-0.5124557018280029,-2.3204163312911987,-4.872022897005081,0.0,-0.4767184257507324,-1.2991494536399841,-1.931695818901062,-2.164551258087158,-4.429555177688599,-5.213409125804901,-3.443399667739868,0.0361628532409668,-1.5053768157958984,1.810578465461731,0.8701068162918091,0.12147712707519531,-1.63800048828125,-2.099562883377075,-7.834857342764735,-1.6764777898788452,-0.8412470817565918,-2.1589035391807556,1.5028631687164307,-0.8018229007720947,-3.473320484161377,-6.383287310600281,-3.6594808101654053,-1.1909183263778687,-0.1839667558670044,-1.8238865733146667,-0.08671379089355469,-2.0725717544555664,-6.112945556640625,-3.396008789539337,-3.273210048675537,-1.4039806127548218,-1.5906982421875,-3.6536296606063843,-2.3626335859298706,-3.6107417345046997,-1.32136869430542,-2.369128704071045,0.007418155670166016,-0.65860915184021,-2.0569305419921875,0.2827579975128174,-9.287708549760282,-0.9619081020355225,-3.145764946937561,-1.3845260441303253,-0.7607240676879883,1.5137287378311157,0.3247981071472168,2.640854597091675
M,0.0,-1.4771127700805664,-0.4847605228424072,-2.919761896133423,-2.648096203804016,-4.641561329364777,-2.1855509281158447,-2.533160090446472,0.0,-1.6957759857177734,-1.3745012283325195,-1.6931548118591309,1.190927505493164,-2.881322145462036,-4.646699905395508,-3.027242422103882,-5.301758170127869,-4.13703989982605,-6.055603742599487,-6.083264052867889,-4.083799481391907,-2.208311080932617,-2.605142593383789,-2.475395679473877,-0.19881224632263184,-3.59444260597229,-4.589537143707275,-3.363698422908783,-0.27268171310424805,-6.3697615042328835,0.20797228813171387,-3.4129042625427246,-2.3001136779785156,-7.667835593223572,-0.9834916591644287,-1.9720041751861572,-1.7843880653381348,-2.841494917869568,-3.527032256126404,-3.72306752204895,-4.6176398396492,-3.6195788383483887,-6.8735398054122925,-2.7715967893600464,-3.4628169536590576,-5.4207011461257935,-5.942776083946228,-5.764204978942871,-2.9552735090255737,-3.289825916290283,-1.0501697063446045,-2.1126973628997803,-1.256359338760376,-3.2554677724838257,-1.668250560760498,-3.3063188791275024,-0.41036081314086914,-3.553233504295349,-1.2926363945007324,-3.585218846797943,-1.2126877307891846,-3.040430188179016,-2.255228281021118,-4.509024739265442,-1.568655252456665,-4.175101041793823,0.6617467403411865,-1.1578266620635986,-5.057167291641235,-4.616240561008453,-1.4349613189697266,-3.7842735052108765,-5.011601239442825,-1.9593498706817627,-0.3695077896118164,-3.519507110118866,-3.559104800224304,-3.227858781814575,-6.471679449081421,-5.661266505718231,-4.40622878074646,-2.2183876037597656,-2.6398959159851074,-1.4392266273498535,-0.9519073963165283,-2.6417884826660156,-1.714686393737793,-3.712970495223999,-7.523688672110438,-2.3900152444839478,-1.1105659008026123,-5.956459939479828,0.6774451732635498,-2.655596137046814,-2.8767433166503906,-5.936576724052429,-3.6721694469451904,-1.8250659704208374,-2.0041524171829224,-2.731625497341156,0.0,-3.0298609733581543,-5.546895980834961,-5.321486532688141,-2.7372660636901855,-2.9182885885238647,-1.735647201538086,-4.810527682304382,-4.67010223865509,-5.0135780572891235,-3.2500882148742676,-2.9756646156311035,-1.7011499404907227,-3.3269917964935303,-1.5014548301696777,-2.441058397293091,-8.874158172868192,-2.5576722621917725,-2.4180582761764526,-4.411316901445389,-2.0424437522888184,-1.880661964416504,-0.5865252017974854,0.48610925674438477
C,-5.785633206367493,-3.0554823875427246,-3.445537567138672,-4.917254686355591,-5.091650128364563,-6.256742775440216,-4.441278696060181,-5.2140268087387085,-3.5007646083831787,-3.5247111320495605,-4.329742431640625,-2.4398398399353027,-2.6102280616760254,-3.3942182064056396,-6.452184677124023,-5.002496004104614,-6.5025776624679565,-7.354374647140503,-8.335806608200073,-8.135767638683319,-6.863677144050598,-6.0959837436676025,-5.55021858215332,-5.699974060058594,-3.7095417976379395,-5.198912858963013,-6.663802146911621,-6.54956191778183,-4.359042644500732,-7.086010493338108,-3.2077808380126953,-6.894545555114746,-4.116447925567627,-8.23436963558197,-4.398780822753906,-5.600953578948975,-4.850490570068359,-5.60853898525238,-6.980911612510681,-5.074037313461304,-6.509092152118683,-5.074253082275391,-7.39587676525116,-5.774782299995422,-5.752290964126587,-7.684797883033752,-7.42850387096405,-7.6444091796875,-6.633311629295349,-5.523338794708252,-4.004929304122925,-5.154032945632935,-4.779067754745483,-6.114800333976746,-4.595522165298462,-5.290396332740784,-3.9210846424102783,-5.920644640922546,-3.618722438812256,-4.366017282009125,-3.522718667984009,-5.7053786516189575,-3.9396026134490967,-5.029882550239563,-3.8003833293914795,-6.689242124557495,-2.8752622604370117,-3.5141236782073975,-8.145850896835327,-7.448119223117828,-5.434202194213867,-5.806020140647888,-6.712412625551224,-4.82229208946228,-2.7192838191986084,-5.3673922419548035,-5.3531001806259155,-6.594040632247925,-8.795348882675171,-7.552922904491425,-7.060450315475464,-4.506699085235596,-4.526884078979492,-4.36568546295166,-3.95744252204895,-5.414117336273193,-5.071115732192993,-4.870843172073364,-7.963304398581386,-4.801105618476868,-4.369462251663208,-5.967243134975433,-2.9066827297210693,-6.487001538276672,-4.745560646057129,-6.133599162101746,-4.941755533218384,-5.541325688362122,-3.7005828619003296,-5.404050290584564,-3.8394412994384766,-4.234607696533203,-8.073883056640625,-5.588862478733063,-5.5673956871032715,-5.843889117240906,-4.3601393699646,-7.181237578392029,-7.122402787208557,-7.720500588417053,-7.082829475402832,-4.676673889160156,-4.453241348266602,-5.446019411087036,-4.1627116203308105,-3.6967132091522217,-9.620331077836454,-4.8190758228302,-4.4305888414382935,-5.734821826219559,-3.6133270263671875,-5.384562015533447,-3.205112934112549,-3.110748291015625
I,-2.8713985681533813,-1.1397805213928223,0.24271488189697266,-2.319159984588623,-2.1846290826797485,-4.697846710681915,-2.9473249912261963,-2.3008097410202026,0.048117876052856445,-1.1428585052490234,-1.9576935768127441,-2.183250904083252,-0.5748896598815918,-1.9217212200164795,-4.632334232330322,-1.9004981517791748,-5.140840411186218,-3.3433706760406494,-4.1337316036224365,-5.7417914271354675,-2.7222269773483276,-0.15950512886047363,-3.0718536376953125,-0.5372042655944824,-0.10672116279602051,-0.8893098831176758,-5.550077438354492,-1.8718361258506775,-0.5122737884521484,-4.9214420691132545,-0.7861442565917969,-0.3668196201324463,-1.2854125499725342,-8.197471976280212,-1.428126335144043,-1.337425708770752,-1.9971394538879395,-1.5506125688552856,-4.525195956230164,-1.660496711730957,-5.681543171405792,-2.6463961601257324,-6.462722659111023,-2.130874752998352,-2.312394618988037,-4.418882489204407,-4.263644099235535,-4.45942497253418,-0.6113096475601196,-3.865546226501465,-0.47792530059814453,-0.3044881820678711,-1.399315595626831,-0.4993925094604492,-3.705012559890747,-1.4939936399459839,-0.1274428367614746,-1.1194943189620972,-1.5593252182006836,-3.3293508887290955,-2.0310919284820557,-0.9317646026611328,-1.3427059650421143,-4.982298970222473,-1.756201982498169,-1.0792386531829834,1.1026034355163574,0.28078746795654297,-5.187000513076782,-1.3848851323127747,-1.042680025100708,-2.1039520502090454,-5.4995706379413605,0.6376090049743652,0.41678929328918457,-1.6640772223472595,-2.6877421140670776,-2.9044206142425537,-4.62965989112854,-5.386902034282684,-2.549243211746216,0.0,-1.1386680603027344,0.0010383129119873047,-0.26674365997314453,0.22381508350372314,-0.9444758892059326,-1.0422499179840088,-8.012207863852382,-0.8293870687484741,-0.7487809658050537,-4.218418061733246,-0.6727416515350342,-0.255199670791626,-2.5473175048828125,-6.448833346366882,-3.6970622539520264,-1.056040644645691,-2.6650794744491577,-1.7037383913993835,0.08704733848571777,-1.809382438659668,-6.681327819824219,-4.089189112186432,-2.337493658065796,-2.262748122215271,-0.10571575164794922,-3.614923357963562,-3.17619526386261,-3.398699402809143,-1.007047176361084,-2.9066643714904785,-1.4379568099975586,-0.6978471279144287,-2.787099838256836,0.0,-9.112831383012235,0.0,-2.4540199041366577,-2.9758587181568146,-0.823692798614502,0.8430596590042114,0.29267001152038574,0.5308189392089844
L,-2.424049973487854,-0.5722239017486572,0.5958096981048584,-1.957754135131836,-2.5251647233963013,-3.6446064114570618,-1.8876464366912842,0.0,0.8914546966552734,0.7345890998840332,-0.5597476959228516,0.2931976318359375,2.125812530517578,-0.507394552230835,-3.5412354469299316,-0.8768661022186279,-4.064370036125183,-2.461846351623535,-3.0238516330718994,-4.633987605571747,-2.0352576971054077,-0.8092186450958252,-2.0647764205932617,0.05650055408477783,0.1047658920288086,0.08625495433807373,-4.92724609375,-1.0006995797157288,0.05318427085876465,-3.7236404791474342,-0.14884328842163086,-0.30102384090423584,-0.8410167694091797,-6.587462306022644,-1.1868245601654053,0.0,-1.3684959411621094,0.0,-3.137877345085144,-0.7141814231872559,-4.300513565540314,-1.3427555561065674,-6.1031492948532104,-1.3857072591781616,-2.8016746044158936,-4.493818402290344,-3.9878371953964233,-4.112124443054199,0.0,-2.4094300270080566,-0.05250740051269531,0.0,-0.414290189743042,0.1524219512939453,-1.1492552757263184,-0.3515058755874634,0.09960341453552246,-0.2818632125854492,-0.9242660999298096,-2.2284035086631775,-0.3909494876861572,-0.6488769054412842,-1.4588148593902588,-3.9100481271743774,-1.203549861907959,0.0,1.3319556713104248,1.522312045097351,-4.131636381149292,-1.1120601296424866,-0.6615123748779297,-0.9095931053161621,-4.061855584383011,0.9117640256881714,0.8498489856719971,-1.660376489162445,-1.7392710447311401,-2.1475188732147217,-3.5699427127838135,-4.284136950969696,-2.2952370643615723,-0.035370588302612305,-0.7105164527893066,0.943195104598999,-0.5329718589782715,0.31883037090301514,-1.223057746887207,-1.060194969177246,-7.440358994528651,0.18469417095184326,0.0,-4.081923425197601,0.1050717830657959,-0.31287074089050293,-2.168665885925293,-5.1264728307724,-3.3605964183807373,0.0,-1.0472060441970825,0.0,1.1831378936767578,-0.49394989013671875,-5.442824363708496,-3.207292854785919,-1.6613500118255615,-1.5987502336502075,-0.8353428840637207,-4.152019381523132,-2.712170720100403,-3.049874424934387,0.0,-2.433969020843506,-1.0887796878814697,0.08118581771850586,-1.076807975769043,0.9386284351348877,-8.577386169694364,0.4112132787704468,-1.8443726301193237,-2.8322358429431915,-0.7267060279846191,0.8148320913314819,0.5221261978149414,2.607216715812683
V,-1.6896060705184937,-0.3320915699005127,0.0791022777557373,-1.6753978729248047,-1.0310384035110474,-4.150367081165314,-2.0959322452545166,-1.3005512952804565,0.04069399833679199,0.0,-1.6212058067321777,0.0,0.0,0.0,-3.3909482955932617,-1.1187019348144531,-4.473335146903992,-3.2417171001434326,-3.127457857131958,-5.335836112499237,-1.981099009513855,0.0,-2.171504497528076,0.0,0.0,0.5567969083786011,-4.725685119628906,-0.3568435311317444,-1.049546480178833,-4.2855635061860085,-0.6476418972015381,0.0,-1.6200501918792725,-7.259785056114197,-0.7810306549072266,-0.6191664934158325,-1.3349902629852295,-0.0725715160369873,-4.342804789543152,0.0,-4.867280304431915,-1.5672252178192139,-5.010630011558533,-2.1688555479049683,-1.9111485481262207,-4.030676960945129,-3.3242396116256714,-3.6781182289123535,-0.3914755582809448,-3.0957374572753906,-0.10474729537963867,0.8976967334747314,-1.139479398727417,0.0,-2.810206174850464,-0.09015500545501709,-0.3136475086212158,0.0,-1.3749778270721436,-2.5534486174583435,-1.0817162990570068,0.0,-1.8344240188598633,-3.948271870613098,-0.47232580184936523,-1.4944872856140137,0.9536762237548828,1.7497979402542114,-5.544680833816528,0.0,-0.6035428047180176,-0.5555851459503174,-4.71737602353096,1.5177165865898132,1.0270512104034424,-1.9880723357200623,-2.7613857984542847,-2.435817003250122,-3.709948778152466,-4.98378199338913,-1.574113368988037,1.2016873955726624,-0.18595242500305176,1.2341763973236084,0.24360918998718262,0.747329592704773,-0.02074289321899414,0.25285613536834717,-6.977805493399501,1.0153387784957886,-1.1777126789093018,-3.6858288645744324,-0.3877124786376953,0.0,-2.6286067962646484,-5.31737220287323,-2.4058969020843506,-0.35066211223602295,-1.7891274690628052,-0.7842726111412048,-0.08634686470031738,0.0,-5.673722743988037,-2.435272514820099,-2.1219756603240967,-2.255212664604187,0.20726251602172852,-3.5057276487350464,-2.460410475730896,-2.69819438457489,-0.9657919406890869,-2.4761900901794434,-0.8539683818817139,0.0,-2.1679024696350098,1.5897631645202637,-8.067853241227567,1.1632715463638306,-1.3752931356430054,-2.5399143993854523,-0.6461348533630371,0.0,0.15907073020935059,-0.41516637802124023
A,-0.716437578201294,2.376544415950775,0.32723331451416016,-1.1557250022888184,0.3585623502731323,-2.439293920993805,-0.5734872817993164,-1.4364527463912964,0.8725757598876953,1.1929354667663574,-0.17426824569702148,2.8184759616851807,3.1675357818603516,1.719064474105835,-1.2143259048461914,-1.2136955261230469,-2.9150840044021606,-2.568542957305908,-1.773571491241455,-3.138230264186859,-1.5716158151626587,-1.7081053256988525,-0.9411060810089111,-0.9259507656097412,0.7808151245117188,0.7416865825653076,-3.3014700412750244,0.0,-0.4306035041809082,-5.732204951345921,0.0,-2.5470681190490723,-0.77286696434021,-4.674179434776306,-0.5772230625152588,-1.2231178283691406,-0.6184337139129639,0.7795732021331787,-2.6645346879959106,0.8948426246643066,-1.1379976868629456,-1.4004595279693604,-3.793744206428528,-3.090522885322571,-1.7209463119506836,-2.793329119682312,-1.479422688484192,-2.1684722900390625,-1.7432760000228882,-1.5970239639282227,0.3743247985839844,0.4620053768157959,-0.15877461433410645,-0.3839230537414551,-0.40174436569213867,0.8148779273033142,0.24561715126037598,-0.5235648155212402,-0.27732276916503906,-2.7848753333091736,1.2336738109588623,-1.2322920560836792,-1.34151291847229,-1.7994743585586548,0.23627305030822754,-5.095776319503784,0.7362840175628662,1.017337441444397,-7.177356004714966,-0.8416324257850647,-1.3925378322601318,0.0,-2.2476573288440704,0.4034135341644287,1.3170578479766846,-2.843033730983734,-2.2043031454086304,-1.5114381313323975,-2.4481308460235596,-2.9266156554222107,-1.6270639896392822,-0.546795129776001,-0.18344402313232422,1.1907824277877808,-0.38901448249816895,0.0,0.17771375179290771,0.0,-5.618084309622645,0.0,-1.0780246257781982,-5.359669625759125,1.8172961473464966,-2.8390413522720337,-1.2600553035736084,-3.1581772565841675,-1.6149721145629883,-2.0010610818862915,0.0,-0.829878032207489,-0.4923560619354248,1.6505696177482605,-3.217404842376709,-1.8408718705177307,-1.7435824871063232,-3.041392207145691,-0.8663549423217773,-2.5405551195144653,-1.0655056238174438,-1.7566314935684204,-2.2777292728424072,-1.0849833488464355,-0.6186783313751221,-0.33922910690307617,0.0,1.3187335729599,-5.527158527635038,0.47135913372039795,0.0,-4.057651072740555,-0.7348573207855225,-2.7407689094543457,0.008261919021606445,-1.0428242683410645